Grade,Section,DOW,Period,Subject,Teacher
12th CBSE,A,MONDAY,1,Mathematics,onboardteacher01@guerrillamail.com
10th CBSE,B,TUESDAY,1,Science,onboardteacher01@guerrillamail.com
12th CBSE,A,WEDNESDAY,1,Mathematics,onboardteacher01@guerrillamail.com
10th CBSE,B,THURSDAY,1,Science,onboardteacher01@guerrillamail.com
12th CBSE,A,FRIDAY,1,Mathematics,onboardteacher01@guerrillamail.com
10th CBSE,B,SATURDAY,1,Science,onboardteacher01@guerrillamail.com
12th CBSE,A,SUNDAY,1,Mathematics,onboardteacher01@guerrillamail.com
10th CBSE,B,MONDAY,2,Science,onboardteacher01@guerrillamail.com
12th CBSE,A,TUESDAY,2,Mathematics,onboardteacher01@guerrillamail.com
10th CBSE,B,WEDNESDAY,2,Science,onboardteacher01@guerrillamail.com
12th CBSE,A,THURSDAY,2,Mathematics,onboardteacher01@guerrillamail.com
10th CBSE,B,FRIDAY,2,Science,onboardteacher01@guerrillamail.com
12th CBSE,A,SATURDAY,2,Mathematics,onboardteacher01@guerrillamail.com
10th CBSE,B,SUNDAY,2,Science,onboardteacher01@guerrillamail.com
12th CBSE,A,MONDAY,3,Mathematics,onboardteacher01@guerrillamail.com
10th CBSE,B,TUESDAY,3,Science,onboardteacher01@guerrillamail.com
12th CBSE,A,WEDNESDAY,3,Mathematics,onboardteacher01@guerrillamail.com
10th CBSE,B,THURSDAY,3,Science,onboardteacher01@guerrillamail.com
12th CBSE,A,FRIDAY,3,Mathematics,onboardteacher01@guerrillamail.com
10th CBSE,B,SATURDAY,3,Science,onboardteacher01@guerrillamail.com
12th CBSE,A,SUNDAY,3,Mathematics,onboardteacher01@guerrillamail.com
10th CBSE,B,MONDAY,4,Science,onboardteacher01@guerrillamail.com
12th CBSE,A,TUESDAY,4,Mathematics,onboardteacher01@guerrillamail.com
10th CBSE,B,WEDNESDAY,4,Science,onboardteacher01@guerrillamail.com
12th CBSE,A,THURSDAY,4,Mathematics,onboardteacher01@guerrillamail.com
10th CBSE,B,FRIDAY,4,Science,onboardteacher01@guerrillamail.com
12th CBSE,A,SATURDAY,4,Mathematics,onboardteacher01@guerrillamail.com
10th CBSE,B,SUNDAY,4,Science,onboardteacher01@guerrillamail.com
12th CBSE,A,MONDAY,5,Mathematics,onboardteacher01@guerrillamail.com
10th CBSE,B,TUESDAY,5,Science,onboardteacher01@guerrillamail.com
12th CBSE,A,WEDNESDAY,5,Mathematics,onboardteacher01@guerrillamail.com
10th CBSE,B,THURSDAY,5,Science,onboardteacher01@guerrillamail.com
12th CBSE,A,FRIDAY,5,Mathematics,onboardteacher01@guerrillamail.com
10th CBSE,B,SATURDAY,5,Science,onboardteacher01@guerrillamail.com
12th CBSE,A,SUNDAY,5,Mathematics,onboardteacher01@guerrillamail.com
10th CBSE,B,MONDAY,6,Science,onboardteacher01@guerrillamail.com
12th CBSE,A,TUESDAY,6,Mathematics,onboardteacher01@guerrillamail.com
10th CBSE,B,WEDNESDAY,6,Science,onboardteacher01@guerrillamail.com
12th CBSE,A,THURSDAY,6,Mathematics,onboardteacher01@guerrillamail.com
10th CBSE,B,FRIDAY,6,Science,onboardteacher01@guerrillamail.com
12th CBSE,A,SATURDAY,6,Mathematics,onboardteacher01@guerrillamail.com
10th CBSE,B,SUNDAY,6,Science,onboardteacher01@guerrillamail.com
12th CBSE,A,MONDAY,7,Mathematics,onboardteacher01@guerrillamail.com
10th CBSE,B,TUESDAY,7,Science,onboardteacher01@guerrillamail.com
12th CBSE,A,WEDNESDAY,7,Mathematics,onboardteacher01@guerrillamail.com
10th CBSE,B,THURSDAY,7,Science,onboardteacher01@guerrillamail.com
12th CBSE,A,FRIDAY,7,Mathematics,onboardteacher01@guerrillamail.com
10th CBSE,B,SATURDAY,7,Science,onboardteacher01@guerrillamail.com
12th CBSE,A,SUNDAY,7,Mathematics,onboardteacher01@guerrillamail.com
10th CBSE,B,MONDAY,8,Science,onboardteacher01@guerrillamail.com
12th CBSE,A,TUESDAY,8,Mathematics,onboardteacher01@guerrillamail.com
10th CBSE,B,WEDNESDAY,8,Science,onboardteacher01@guerrillamail.com
12th CBSE,A,THURSDAY,8,Mathematics,onboardteacher01@guerrillamail.com
10th CBSE,B,FRIDAY,8,Science,onboardteacher01@guerrillamail.com
12th CBSE,A,SATURDAY,8,Mathematics,onboardteacher01@guerrillamail.com
10th CBSE,B,SUNDAY,8,Science,onboardteacher01@guerrillamail.com
12th CBSE,A,MONDAY,9,Mathematics,onboardteacher01@guerrillamail.com
10th CBSE,B,TUESDAY,9,Science,onboardteacher01@guerrillamail.com
12th CBSE,A,WEDNESDAY,9,Mathematics,onboardteacher01@guerrillamail.com
10th CBSE,B,THURSDAY,9,Science,onboardteacher01@guerrillamail.com
12th CBSE,A,FRIDAY,9,Mathematics,onboardteacher01@guerrillamail.com
10th CBSE,B,SATURDAY,9,Science,onboardteacher01@guerrillamail.com
12th CBSE,A,SUNDAY,9,Mathematics,onboardteacher01@guerrillamail.com
