<?xml version="1.0" encoding="UTF-8"?>
<!DOCTYPE suite SYSTEM "http://testng.org/testng-1.0.dtd">
<suite thread-count="1" name="SchoolAppAPI">

    <listeners>
        <listener class-name="com.embibe.schoolapp.utils.reports.GroupwiseReporter"/>
        <listener class-name="com.embibe.schoolapp.utils.listeners.TestListener"/>
    </listeners>
    <test name="login-tests">
        <groups>
            <run>
                <include name = "login_tests"/>
            </run>
        </groups>
        <classes>
          <class name="com.embibe.schoolapp.login.LoginPageTests"/>
        </classes>
    </test>
    <test name="my-classes-tests">
        <groups>
            <run>
                <include name = "myHome_myClasses"/>
            </run>
        </groups>
        <classes>
            <class name="com.embibe.schoolapp.myhome.myclasses.MyClassPageTests"/>
        </classes>
    </test>

    <test name="assign_Schedule_Module">
        <groups>
            <run>
                <include name = "assign_Schedule_Module"/>
            </run>
        </groups>
        <classes>
            <class name="com.embibe.schoolapp.assign.ScheduleTestCases"/>
        </classes>
    </test>

    <test name="my-schedule-tests">
        <groups>
            <run>
                <include name = "myHome_mySchedule"/>
            </run>
        </groups>
        <classes>
            <class name="com.embibe.schoolapp.myhome.myschedule.MyScheduleTests"/>
        </classes>
    </test>
   <!-- <test name="my-inbox-tests">
        <groups>
            <run>
                <include name = "myHome_myInbox"/>
            </run>
        </groups>
        <classes>
            <class name="com.embibe.schoolapp.myhome.myinbox.MyInboxPageTests"/>
        </classes>
    </test>-->
    <test name="my-attendance-tests">
        <groups>
            <run>
                <include name = "myHome_attendance"/>
            </run>
        </groups>
        <classes>
            <class name="com.embibe.schoolapp.myhome.attendance.AttendancePageTests"/>
        </classes>
    </test>
    <test name="create_tests">
        <groups>
            <run>
                <include name ="create-tests"/>
            </run>
        </groups>
        <classes>
            <class name="com.embibe.schoolapp.create.CreatePageTests"/>
        </classes>
    </test>
    <test name="TrackTestCases">
        <groups>
            <run>
                <include name = "TrackTestCases"/>
            </run>
        </groups>
        <classes>
            <class name="com.embibe.schoolapp.Track.TrackTestCases"/>
        </classes>
    </test>



</suite>